time|phrase|quote|title|author|ampm|score|keep
00:53|seven minutes to one o'clock|But at seven minutes to one o'clock in the morning a deafening whistling was heard, like that produced by a body of water rushing with great violence.|Twenty Thousand Leagues under the Sea|Jules Verne|morning|5.0|
04:40|twenty to five|At the sound of their steps a young woman of twenty to five-and-twenty, dressed in a silk morning gown, and busily engaged in plucking the dead leaves off a noisette rose-tree, raised her head.|The Count of Monte Cristo|Alexandre Dumas|am-cue|5.0|
04:46|4.46 a.m|A timepiece of striated Connemara marble, stopped at the hour of 4.46 a.m. on the 21 March 1896, matrimonial gift of Matthew Dillon: a dwarf tree of glacial arborescence under a transparent bellshade, matrimonial gift of Luke and Caroline Doyle: an embalmed owl, matrimonial gift of Alderman John Hooper.|Ulysses|James Joyce|explicit|5.0|
05:28|5.28|"Just a line to say I am coming down to Bursley on Wednesday, on business with Peels. I shall get to Knype at 5.28, and take the Loop.|The Old Wives' Tale|Arnold Bennett|am-cue|3.0|
07:40|twenty to eight|He was there by twenty to eight and watched the incoming trains.|Of Human Bondage|W. Somerset Maugham|am-cue|3.0|
07:40|twenty to eight|They whispered together a minute, then he went downstairs to get breakfast. It was twenty to eight.|Sons and Lovers|D. H. Lawrence|am-cue|3.0|
08:44|Sixteen minutes to nine|"Sixteen minutes to nine!" said John Sullivan, in a voice which betrayed his emotion.|Around the World in Eighty Days|Jules Verne|guess|2.5|
08:48|twelve minutes to nine|"It only wants twelve minutes to nine," Constance pointed out.|The Old Wives' Tale|Arnold Bennett|guess|2.0|
08:58|Two minutes to nine|"Two minutes to nine," he replied, telling the truth with a struggle.|Sons and Lovers|D. H. Lawrence|guess|2.5|
09:24|9.24|What had Gretta Conroy on? 9.23. What possessed me to buy this comb? 9.24.|Ulysses|James Joyce|guess|2.0|
11:22|Twenty-two minutes after eleven|"Twenty-two minutes after eleven," returned Passepartout, drawing an enormous silver watch from the depths of his pocket.|Around the World in Eighty Days|Jules Verne|guess|4.0|
12:05|five minutes past twelve o'clock|At five minutes past twelve o'clock next day, he directed Mrs. Bounderby's property to be carefully packed up and sent to Tom Gradgrind's; advertised his country retreat for sale by private contract; and resumed a bachelor life.|Hard Times|Charles Dickens|pm-cue|5.0|
12:05|five minutes past twelve|All the stuffs were cheap and showy and shabby; all the furniture was cracked, warped, or broken. The clock showed five minutes past twelve at five o'clock.|The Old Wives' Tale|Arnold Bennett|guess|4.0|
12:05|five minutes past twelve|Pauline Stacey fell from this floor to the ground at five minutes past twelve.|The innocence of Father Brown|G. K. Chesterton|guess|2.0|
12:47|thirteen minutes to one|He rose at thirteen minutes to one, and directed his steps towards the large hall, a sumptuous apartment adorned with lavishly-framed paintings.|Around the World in Eighty Days|Jules Verne|pm-cue|5.0|
12:51|nine to one|Where the land with serf-labor and good management gave a yield of nine to one, on the half-crop system it yields three to one.|Anna Karenina|graf Leo Tolstoy|guess|4.0|
12:51|nine to one|The eighth and largest group, which in its enormous numbers was to the others as ninety-nine to one, consisted of men who desired neither peace nor war, neither an advance nor a defensive camp at the Drissa or anywhere else, neither Barclay nor the Emperor, neither Pfuel nor Bennigsen, but only the one most essential thing - as much advantage and pleasure for themselves as possible.|War and Peace|graf Leo Tolstoy|guess|2.0|
12:53|seven to one|I could have got seven to one against Saint Amant a fortnight before.|Ulysses|James Joyce|guess|2.0|
12:54|six to one|(The reference was to a light poll which had been taken several years before, when no interest had been aroused and the immature project yet defeated by a six to one majority.)|The Old Wives' Tale|Arnold Bennett|guess|3.0|
12:54|Six of one|Mostly they come for skill - or idleness. Six of one, and half-a-dozen of the other.|Bleak House|Charles Dickens|guess|2.0|
12:54|six to one|They were six to one at Montmirail, and he scattered them like sheep.|Vanity Fair|William Makepeace Thackeray|guess|2.0|
12:54|six of one|We were not a happy couple, and not a miserable couple. We were six of one and half-a-dozen of the other.|The Moonstone|Wilkie Collins|guess|2.0|
12:56|four to one|We walked with a regular step, which rang upon the ground with astonishing intensity; the slightest noise was transmitted with a quickness to which the ear is unaccustomed on the earth; indeed, water is a better conductor of sound than air, in the ratio of four to one.|Twenty Thousand Leagues under the Sea|Jules Verne|guess|4.0|
12:57|three to one|This had a modest self-denying appearance; but it soon turned out that as, by reason of the impossibility of standing the glass upright while there was anything in it, it required to be emptied as soon as filled, Mr Riderhood managed to drink in the proportion of three to one.|Our Mutual Friend|Charles Dickens|guess|4.0|
12:57|three to one|Up to the time of the catastrophe he was the first favourite for the Wessex Cup, the betting being three to one on him.|The Memoirs of Sherlock Holmes|Arthur Conan Doyle|guess|4.0|
12:57|three minutes of one|Promise to hold your tongue, and before that clock strikes - it wants three minutes of one - you're a free woman!'|Wuthering Heights|Emily Brontë|guess|4.0|
12:57|three to one|Soldiers! these same Prussians who are so arrogant to-day, were three to one against you at Jena, and six to one at Montmirail.|Vanity Fair|William Makepeace Thackeray|guess|4.0|
12:57|three to one|"Nonsense, sir, we are three to one, sir, against any force Boney can bring into the field," Mr. Sedley objected; "the Austrians and the Russians are on their march.|Vanity Fair|William Makepeace Thackeray|guess|2.0|
12:57|three to one|Three invalids. - Sufferings of George and Harris. - A victim to one hundred and seven fatal maladies. - Useful prescriptions. - Cure for liver complaint in children. - We agree that we are overworked, and need rest. - A week on the rolling deep? - George suggests the River. - Montmorency lodges an objection. - Original motion carried by majority of three to one.|Three men in a boat (to say nothing of the dog)|Jerome K. Jerome|guess|2.0|
12:57|three to one|What earthly chance? They were three to one - and they made me happy.|The Good Soldier|Ford Madox Ford|guess|2.0|
13:13|thirteen minutes past one|When we were quite ready, our watches indicated thirteen minutes past one!|A Journey to the Centre of the Earth|Jules Verne|guess|2.0|
13:25|1.25|A few steps brought them to a smaller restaurant, where a dozen people were already lunching on the pavement under an awning; on the window was announced in large white letters: Dejeuner 1.25, vin compris.|Of Human Bondage|W. Somerset Maugham|guess|4.0|
13:25|twenty-five minutes past one o'clock|His head fell on the sofa cushions. It was then twenty-five minutes past one o'clock.|The Moonstone|Wilkie Collins|guess|2.0|
13:40|twenty minutes to two|He could easily burn them afterwards. Then he pulled out his watch. It was twenty minutes to two.|The Picture of Dorian Gray|Oscar Wilde|guess|2.0|
13:54|six to two|Bloom, having the advantage of ten seconds at the initiation and taking, from the concave surface of a spoon along the handle of which a steady flow of heat was conducted, three sips to his opponent's one, six to two, nine to three.|Ulysses|James Joyce|guess|4.0|
13:59|one of two|For I believed one of two other persons to have become possessed of it, and to have turned it to this cruel account.|Great Expectations|Charles Dickens|guess|4.0|
13:59|one of two|To be in the halting state of Mr Henry Gowan; to have left one of two powers in disgust; to want the necessary qualifications for finding promotion with another, and to be loitering moodily about on neutral ground, cursing both; is to be in a situation unwholesome for the mind, which time is not likely to improve.|Little Dorrit|Charles Dickens|guess|4.0|
13:59|one of two|He has grown grey in the service, is a gentleman, a favoured guest in the most exalted houses, and, above all, a man whose patriotism is beyond suspicion. He is one of two who have a key of the safe.|His last bow|Arthur Conan Doyle|guess|4.0|
13:59|One of two|One of two arrangements should certainly be made in these days: either let all speech-making on festive occasions be utterly tabooed and made as it were impossible; or else let those who are to exercise the privilege be first subjected to a competing examination before the civil-service examining commissioners.|Barchester Towers|Anthony Trollope|guess|4.0|
13:59|one of two|He must have been in expectation of one of two things; either that a vertical well was about to open under his feet, and thus allow him to continue his descent, or that some insurmountable obstacle would compel us to stop and go back by the road we had so long traveled.|A Journey to the Centre of the Earth|Jules Verne|guess|4.0|
13:59|one of two|Fatal declivity down which the most honest and the firmest as well as the most feeble and most vicious are drawn, and which ends in one of two holds, suicide or crime.|Les Misérables|Victor Hugo|guess|4.0|
13:59|one of two|"Yet," Homais went on, "one of two things; either she died in a state of grace (as the Church has it), and then she has no need of our prayers; or else she departed impertinent (that is, I believe, the ecclesiastical expression), and then - "|Madame Bovary|Gustave Flaubert|guess|4.0|
13:59|one of two|Putting her head on one side, Margaret then remarked, "To me one of two things is very clear; either God does not know his own mind about England and Germany, or else these do not know the mind of God."|Howards End|E. M. Forster|guess|4.0|
13:59|One of two|Mr. Bruff dismissed the man. "One of two things," he said to me.|The Moonstone|Wilkie Collins|guess|2.5|
13:59|one of two|Their faces seemed all with one of two expressions - a leaping exultation and energy or a grim resolution.|The war of the worlds|H. G. Wells|guess|2.0|
13:59|one of two|That Mr. Godfrey Ablewhite was entrusted with the care of a sum of twenty thousand pounds - as one of two Trustees for a young gentleman, who was still a minor in the year eighteen hundred and forty-eight.|The Moonstone|Wilkie Collins|guess|2.0|
13:59|one of two|You can understand that one of two things must have happened; he must either have fallen flat, in which case the blow, from a height of ninety feet, must have killed him instantly, or he must have fallen upright, and then the weight would have dragged him to the bottom, where he remained - poor fellow!"|The Count of Monte Cristo|Alexandre Dumas|guess|2.0|
13:59|One of two|One of two things: either let him take her away, act with energy, or give her a divorce.|Anna Karenina|graf Leo Tolstoy|guess|2.0|
13:59|one of two|One must do one of two things: either admit that the existing order of society is just, and then stick up for one's rights in it; or acknowledge that you are enjoying unjust privileges, as I do, and then enjoy them and be satisfied."|Anna Karenina|graf Leo Tolstoy|guess|2.0|
13:59|one of two|His conclusion was that one of two things must be the explanation - either that this was a begging impostor, or that the prince, if prince he were, was simply a fool, without the slightest ambition; for a sensible prince with any ambition would certainly not wait about in ante-rooms with servants, and talk of his own private affairs like this.|The Idiot|Fyodor Dostoyevsky|guess|2.0|
13:59|one of two|A man - one of two who happened to be passing by - caught the urchin's arm.|The House of the Seven Gables|Nathaniel Hawthorne|guess|2.0|
13:59|one of two|When a girl leaves her home at eighteen, she does one of two things.|Sister Carrie: A Novel|Theodore Dreiser|guess|2.0|
14:03|three minutes past two|At thirty-three minutes past two he heard a singular noise outside, then a hasty opening of doors.|Around the World in Eighty Days|Jules Verne|guess|2.0|
14:05|five past two|Then he thought he would be late at the meeting-place. He was at the Fountain at five past two.|Sons and Lovers|D. H. Lawrence|pm-cue|3.0|
14:05|five after two|A child of five after two lessons would draw better than you do.|Of Human Bondage|W. Somerset Maugham|guess|2.0|
15:37|3.37|At one point is a small cross done in red ink, and above it is '3.37 from left,' in faded pencil-writing.|The Sign of the Four|Arthur Conan Doyle|guess|2.0|
15:55|five to four|One of the best players we have, by the by; and we had a little touch together, though I was almost afraid of him at first: the odds were five to four against me; and, if I had not made one of the cleanest strokes that perhaps ever was made in this world - I took his ball exactly - but I could not make you understand it without a table; however, I did beat him.|Northanger Abbey|Jane Austen|guess|2.0|
16:53|Seven to five|"Seven to five!" repeated the other, and the two figures flitted away in different directions.|A Study in Scarlet|Arthur Conan Doyle|guess|2.0|
16:59|one of five|She saw it with concern; for what could a silent man of five and thirty hope, when opposed to a very lively one of five and twenty? and as she could not even wish him successful, she heartily wished him indifferent.|Sense and Sensibility|Jane Austen|guess|4.0|
16:59|one of five|Peggy was one of five sisters, and eleven children of the noble house of Glenmalony; but her husband, though her own cousin, was of the mother's side, and so had not the inestimable advantage of being allied to the Malonys, whom she believed to be the most famous family in the world.|Vanity Fair|William Makepeace Thackeray|guess|4.0|
16:59|one of five|The little one of five, dragged along by his brother who was dragged by Gavroche, turned his head back several times to watch "Porrichinelle" as he went.|Les Misérables|Victor Hugo|guess|4.0|
16:59|one of five|The living had belonged to the family for generations; but Jim was one of five sons, and when after a course of light holiday literature his vocation for the sea had declared itself, he was sent at once to a 'training-ship for officers of the mercantile marine.'|Lord Jim|Joseph Conrad|guess|4.0|
16:59|one of five|"Then God keep thee, old man - see'st thou that" - pointing to the hammock - "I bury but one of five stout men, who were alive only yesterday; but were dead ere night.|Moby Dick; Or, The Whale|Herman Melville|pm-cue|3.0|
18:51|Nine to seven|"Pass it on to him, and from him to the others. Nine to seven!"|A Study in Scarlet|Arthur Conan Doyle|guess|2.0|
20:02|two minutes past eight|Anna looked at the railway timetable in the newspapers. An evening train went at two minutes past eight.|Anna Karenina|graf Leo Tolstoy|pm-cue|3.0|
20:31|8.31|I've got the mitten instead of the scarf. I ought to have known at 8.31 that my goose was cooked.|The Four Million|O. Henry|pm-cue|3.0|
20:47|8.47|He hurries to a telephone box, and as near as possible to 8.47 rings up the doctor with his master's dying cry.|Poirot Investigates|Agatha Christie|pm-cue|5.0|
20:47|8.47|Then, having moved on the hands of the clock to 8.47, he smashes it and stops it.|Poirot Investigates|Agatha Christie|pm-cue|3.0|
21:40|twenty minutes to ten|It still wanted twenty minutes to ten when the warden found himself at the bottom of Sir Abraham's stairs, so he walked leisurely up and down the quiet inn to cool himself.|The Warden|Anthony Trollope|pm-cue|5.0|
